-- phpMyAdmin SQL Dump
-- version 4.1.0
-- http://www.phpmyadmin.net
--
-- Host: localhost
-- Generation Time: Dec 31, 2013 at 11:27 PM
-- Server version: 5.5.24-log
-- PHP Version: 5.4.3

SET SQL_MODE = "NO_AUTO_VALUE_ON_ZERO";
SET time_zone = "+00:00";

--
-- Database: `scouting`
--
CREATE DATABASE IF NOT EXISTS `scouting` DEFAULT CHARACTER SET latin1 COLLATE latin1_swedish_ci;
USE `scouting`;

--
-- Dumping data for table `alliances`
--

INSERT INTO `alliances` (`ID`, `MatchID`, `Color`, `TeamOne`, `TeamTwo`, `TeamThree`, `Points`, `Won`, `QualificationPoints`, `AutonomousPoints`, `ClimbingPoints`, `TeleopPoints`) VALUES
(396, 18, 'red', 4457, 3711, 4060, 0, 0, 0, 0, 0, 0),
(397, 18, 'blue', 2550, 1318, 4125, 23, 0, 0, 0, 0, 0),
(398, 19, 'red', 2542, 3024, 847, 66, 0, 0, 0, 0, 0),
(399, 19, 'blue', 1700, 2411, 4488, 17, 0, 0, 0, 0, 0),
(400, 20, 'red', 2374, 3192, 3787, 10, 0, 0, 0, 0, 0),
(401, 20, 'blue', 4127, 2002, 1432, 35, 0, 0, 0, 0, 0),
(402, 21, 'red', 1510, 4106, 3674, 0, 0, 0, 0, 0, 0),
(403, 21, 'blue', 2915, 3574, 1823, 0, 0, 0, 0, 0, 0),
(404, 22, 'red', 4662, 3145, 4132, 12, 0, 0, 0, 0, 0),
(405, 22, 'blue', 4057, 2557, 2046, 38, 0, 0, 0, 0, 0),
(406, 23, 'red', 957, 1359, 4110, 32, 0, 0, 0, 0, 0),
(407, 23, 'blue', 2147, 997, 360, 66, 0, 0, 0, 0, 0),
(408, 24, 'red', 2733, 955, 2130, 65, 0, 0, 0, 0, 0),
(409, 24, 'blue', 3131, 488, 1425, 36, 0, 0, 0, 0, 0),
(410, 25, 'red', 2192, 2635, 1540, 27, 0, 0, 0, 0, 0),
(411, 25, 'blue', 2093, 2521, 3812, 42, 0, 0, 0, 0, 0),
(412, 26, 'red', 3673, 956, 4051, 39, 0, 0, 0, 0, 0),
(413, 26, 'blue', 4043, 753, 2811, 37, 0, 0, 0, 0, 0),
(414, 27, 'red', 2471, 1571, 3636, 40, 0, 0, 0, 0, 0),
(415, 27, 'blue', 2517, 2990, 2374, 56, 0, 0, 0, 0, 0),
(416, 28, 'red', 1510, 847, 4125, 39, 0, 0, 0, 0, 0),
(417, 28, 'blue', 4057, 957, 2002, 32, 0, 0, 0, 0, 0),
(418, 29, 'red', 1823, 3145, 2542, 12, 0, 0, 0, 0, 0),
(419, 29, 'blue', 4110, 4457, 955, 58, 0, 0, 0, 0, 0),
(420, 30, 'red', 4060, 2046, 2915, 6, 0, 0, 0, 0, 0),
(421, 30, 'blue', 3787, 3812, 3131, 64, 0, 0, 0, 0, 0),
(422, 31, 'red', 2147, 1425, 3024, 9, 0, 0, 0, 0, 0),
(423, 31, 'blue', 4662, 2635, 2550, 27, 0, 0, 0, 0, 0),
(424, 32, 'red', 1432, 997, 2192, 53, 0, 0, 0, 0, 0),
(425, 32, 'blue', 4051, 3636, 3674, 2, 0, 0, 0, 0, 0),
(426, 33, 'red', 2521, 2811, 2517, 21, 0, 0, 0, 0, 0),
(427, 33, 'blue', 4132, 3711, 3192, 32, 0, 0, 0, 0, 0),
(428, 34, 'red', 3673, 2093, 360, 60, 0, 0, 0, 0, 0),
(429, 34, 'blue', 2130, 956, 2990, 110, 0, 0, 0, 0, 0),
(430, 35, 'red', 4106, 1571, 1359, 35, 0, 0, 0, 0, 0),
(431, 35, 'blue', 753, 2411, 488, 11, 0, 0, 0, 0, 0),
(432, 36, 'red', 2733, 4488, 4043, 47, 0, 0, 0, 0, 0),
(433, 36, 'blue', 3574, 1540, 1318, 45, 0, 0, 0, 0, 0),
(434, 37, 'red', 2471, 1700, 2915, 34, 0, 0, 0, 0, 0),
(435, 37, 'blue', 4127, 2557, 957, 47, 0, 0, 0, 0, 0),
(436, 38, 'red', 4125, 2635, 955, 81, 0, 0, 0, 0, 0),
(437, 38, 'blue', 2046, 847, 4051, 61, 0, 0, 0, 0, 0),
(438, 39, 'red', 2542, 4057, 3674, 44, 0, 0, 0, 0, 0),
(439, 39, 'blue', 3673, 1425, 3711, 24, 0, 0, 0, 0, 0),
(440, 40, 'red', 1432, 2130, 2093, 54, 0, 0, 0, 0, 0),
(441, 40, 'blue', 2521, 4060, 4106, 16, 0, 0, 0, 0, 0),
(442, 41, 'red', 4488, 3574, 2374, 42, 0, 0, 0, 0, 0),
(443, 41, 'blue', 3145, 3192, 4457, 33, 0, 0, 0, 0, 0),
(444, 42, 'red', 4127, 488, 4043, 75, 0, 0, 0, 0, 0),
(445, 42, 'blue', 2557, 753, 4110, 65, 0, 0, 0, 0, 0),
(446, 43, 'red', 1359, 3787, 2733, 60, 0, 0, 0, 0, 0),
(447, 43, 'blue', 2471, 2517, 1823, 53, 0, 0, 0, 0, 0),
(448, 44, 'red', 1571, 2990, 4662, 27, 0, 0, 0, 0, 0),
(449, 44, 'blue', 956, 4132, 3812, 62, 0, 0, 0, 0, 0),
(450, 45, 'red', 2811, 3024, 3636, 29, 0, 0, 0, 0, 0),
(451, 45, 'blue', 2147, 1510, 1540, 26, 0, 0, 0, 0, 0),
(452, 46, 'red', 3131, 1700, 360, 52, 0, 0, 0, 0, 0),
(453, 46, 'blue', 2411, 2192, 1318, 36, 0, 0, 0, 0, 0),
(454, 47, 'red', 2002, 2550, 488, 37, 0, 0, 0, 0, 0),
(455, 47, 'blue', 997, 4488, 3673, 65, 0, 0, 0, 0, 0),
(456, 48, 'red', 3192, 4125, 753, 35, 0, 0, 0, 0, 0),
(457, 48, 'blue', 955, 2915, 2093, 82, 0, 0, 0, 0, 0),
(458, 49, 'red', 2471, 957, 3812, 109, 0, 0, 0, 0, 0),
(459, 49, 'blue', 4051, 3145, 2130, 103, 0, 0, 0, 0, 0),
(460, 50, 'red', 4457, 1540, 2046, 24, 0, 0, 0, 0, 0),
(461, 50, 'blue', 3674, 1571, 3711, 25, 0, 0, 0, 0, 0),
(462, 51, 'red', 1318, 1700, 847, 52, 0, 0, 0, 0, 0),
(463, 51, 'blue', 2517, 2147, 4043, 30, 0, 0, 0, 0, 0),
(464, 52, 'red', 4110, 4060, 2411, 12, 0, 0, 0, 0, 0),
(465, 52, 'blue', 4132, 2811, 3574, 29, 0, 0, 0, 0, 0),
(466, 53, 'red', 2550, 1510, 2521, 48, 0, 0, 0, 0, 0),
(467, 53, 'blue', 360, 4662, 3787, 68, 0, 0, 0, 0, 0),
(468, 54, 'red', 1432, 2990, 3131, 49, 0, 0, 0, 0, 0),
(469, 54, 'blue', 997, 1823, 3024, 32, 0, 0, 0, 0, 0),
(470, 55, 'red', 2192, 4106, 4057, 28, 0, 0, 0, 0, 0),
(471, 55, 'blue', 2635, 4127, 2733, 62, 0, 0, 0, 0, 0),
(472, 56, 'red', 2002, 3636, 1425, 31, 0, 0, 0, 0, 0),
(473, 56, 'blue', 1359, 956, 2557, 72, 0, 0, 0, 0, 0),
(474, 57, 'red', 2374, 1540, 753, 63, 0, 0, 0, 0, 0),
(475, 57, 'blue', 2542, 957, 2130, 26, 0, 0, 0, 0, 0),
(476, 58, 'red', 2093, 3787, 847, 42, 0, 0, 0, 0, 0),
(477, 58, 'blue', 3674, 3145, 2811, 28, 0, 0, 0, 0, 0),
(478, 59, 'red', 488, 2517, 4488, 50, 0, 0, 0, 0, 0),
(479, 59, 'blue', 1823, 4125, 2990, 41, 0, 0, 0, 0, 0),
(480, 60, 'red', 4106, 2635, 2046, 15, 0, 0, 0, 0, 0),
(481, 60, 'blue', 4110, 1700, 3673, 1, 0, 0, 0, 0, 0),
(482, 61, 'red', 2557, 2002, 1318, 85, 0, 0, 0, 0, 0),
(483, 61, 'blue', 1571, 3574, 2192, 28, 0, 0, 0, 0, 0),
(484, 62, 'red', 4043, 3192, 3812, 83, 0, 0, 0, 0, 0),
(485, 62, 'blue', 3636, 2550, 2411, 10, 0, 0, 0, 0, 0),
(486, 63, 'red', 956, 2733, 2915, 50, 0, 0, 0, 0, 0),
(487, 63, 'blue', 2521, 2542, 997, 50, 0, 0, 0, 0, 0),
(488, 64, 'red', 3711, 2471, 955, 128, 0, 0, 0, 0, 0),
(489, 64, 'blue', 360, 3024, 1432, 41, 0, 0, 0, 0, 0),
(490, 65, 'red', 4127, 4051, 4457, 15, 0, 0, 0, 0, 0),
(491, 65, 'blue', 1510, 4132, 1359, 0, 0, 0, 0, 0, 0),
(492, 66, 'red', 2147, 4662, 4057, 29, 0, 0, 0, 0, 0),
(493, 66, 'blue', 2374, 3131, 4060, 23, 0, 0, 0, 0, 0),
(494, 67, 'red', 1425, 4125, 3787, 26, 0, 0, 0, 0, 0),
(495, 67, 'blue', 4106, 4043, 2990, 50, 0, 0, 0, 0, 0),
(496, 68, 'red', 4110, 2915, 2550, 16, 0, 0, 0, 0, 0),
(497, 68, 'blue', 2130, 3636, 847, 45, 0, 0, 0, 0, 0),
(498, 69, 'red', 1571, 3192, 2557, 46, 0, 0, 0, 0, 0),
(499, 69, 'blue', 2542, 360, 2635, 52, 0, 0, 0, 0, 0),
(500, 70, 'red', 957, 3673, 3574, 10, 0, 0, 0, 0, 0),
(501, 70, 'blue', 3024, 955, 2521, 44, 0, 0, 0, 0, 0),
(502, 71, 'red', 4488, 2093, 3674, 41, 0, 0, 0, 0, 0),
(503, 71, 'blue', 1359, 3131, 4662, 36, 0, 0, 0, 0, 0),
(504, 72, 'red', 2411, 1540, 2471, 86, 0, 0, 0, 0, 0),
(505, 72, 'blue', 1425, 956, 4457, 55, 0, 0, 0, 0, 0),
(506, 73, 'red', 1823, 2811, 3812, 66, 0, 0, 0, 0, 0),
(507, 73, 'blue', 4127, 4057, 1318, 123, 0, 0, 0, 0, 0),
(508, 74, 'red', 4060, 1510, 2517, 10, 0, 0, 0, 0, 0),
(509, 74, 'blue', 3145, 997, 2046, 55, 0, 0, 0, 0, 0),
(510, 75, 'red', 753, 2733, 2002, 30, 0, 0, 0, 0, 0),
(511, 75, 'blue', 1432, 1700, 4132, 19, 0, 0, 0, 0, 0),
(512, 76, 'red', 4051, 2192, 3711, 58, 0, 0, 0, 0, 0),
(513, 76, 'blue', 2374, 2147, 488, 75, 0, 0, 0, 0, 0),
(514, 77, 'red', 4125, 4488, 957, 43, 0, 0, 0, 0, 0),
(515, 77, 'blue', 4110, 1571, 1425, 38, 0, 0, 0, 0, 0),
(516, 78, 'red', 4106, 2811, 1540, 13, 0, 0, 0, 0, 0),
(517, 78, 'blue', 3131, 2557, 2471, 56, 0, 0, 0, 0, 0),
(518, 79, 'red', 2521, 3145, 4127, 109, 0, 0, 0, 0, 0),
(519, 79, 'blue', 3024, 2990, 1318, 42, 0, 0, 0, 0, 0),
(520, 80, 'red', 2517, 847, 1432, 52, 0, 0, 0, 0, 0),
(521, 80, 'blue', 3673, 3812, 4457, 63, 0, 0, 0, 0, 0),
(522, 81, 'red', 956, 3674, 955, 86, 0, 0, 0, 0, 0),
(523, 81, 'blue', 2550, 4060, 1700, 25, 0, 0, 0, 0, 0),
(524, 82, 'red', 2374, 2130, 2411, 94, 0, 0, 0, 0, 0),
(525, 82, 'blue', 2046, 1510, 2733, 34, 0, 0, 0, 0, 0),
(526, 83, 'red', 3636, 753, 1359, 48, 0, 0, 0, 0, 0),
(527, 83, 'blue', 3711, 3787, 2635, 52, 0, 0, 0, 0, 0),
(528, 84, 'red', 360, 4057, 3574, 55, 0, 0, 0, 0, 0),
(529, 84, 'blue', 488, 4051, 2915, 28, 0, 0, 0, 0, 0),
(530, 85, 'red', 2002, 2542, 4132, 28, 0, 0, 0, 0, 0),
(531, 85, 'blue', 1823, 2147, 2093, 22, 0, 0, 0, 0, 0),
(532, 86, 'red', 4662, 997, 3192, 53, 0, 0, 0, 0, 0),
(533, 86, 'blue', 2192, 4043, 2471, 73, 0, 0, 0, 0, 0),
(534, 87, 'red', 3673, 4127, 4125, 54, 0, 0, 0, 0, 0),
(535, 87, 'blue', 2733, 3145, 1540, 112, 0, 0, 0, 0, 0),
(536, 88, 'red', 1318, 956, 957, 54, 0, 0, 0, 0, 0),
(537, 88, 'blue', 1432, 1359, 2046, 45, 0, 0, 0, 0, 0),
(538, 89, 'red', 3636, 1700, 2521, 36, 0, 0, 0, 0, 0),
(539, 89, 'blue', 4057, 488, 4457, 29, 0, 0, 0, 0, 0),
(540, 90, 'red', 3131, 2517, 3574, 26, 0, 0, 0, 0, 0),
(541, 90, 'blue', 2542, 2550, 753, 47, 0, 0, 0, 0, 0),
(542, 91, 'red', 955, 2147, 2557, 66, 0, 0, 0, 0, 0),
(543, 91, 'blue', 2990, 4488, 3787, 39, 0, 0, 0, 0, 0),
(544, 92, 'red', 997, 4132, 3674, 35, 0, 0, 0, 0, 0),
(545, 92, 'blue', 2374, 3812, 4106, 114, 0, 0, 0, 0, 0),
(546, 93, 'red', 2411, 4662, 3711, 43, 0, 0, 0, 0, 0),
(547, 93, 'blue', 4051, 2002, 1823, 13, 0, 0, 0, 0, 0),
(548, 94, 'red', 2192, 360, 1425, 65, 0, 0, 0, 0, 0),
(549, 94, 'blue', 4060, 847, 2811, 58, 0, 0, 0, 0, 0),
(550, 95, 'red', 1510, 4043, 2915, 6, 0, 0, 0, 0, 0),
(551, 95, 'blue', 2635, 2093, 1571, 44, 0, 0, 0, 0, 0),
(552, 96, 'red', 4110, 2130, 4057, 60, 0, 0, 0, 0, 0),
(553, 96, 'blue', 3192, 3024, 956, 37, 0, 0, 0, 0, 0),
(554, 97, 'red', 2046, 2147, 4488, 63, 0, 0, 0, 0, 0),
(555, 97, 'blue', 2471, 2521, 753, 16, 0, 0, 0, 0, 0),
(556, 98, 'red', 2002, 3145, 955, 91, 0, 0, 0, 0, 0),
(557, 98, 'blue', 4106, 2733, 3636, 59, 0, 0, 0, 0, 0),
(558, 99, 'red', 488, 4125, 1432, 62, 0, 0, 0, 0, 0),
(559, 99, 'blue', 4662, 2811, 2542, 36, 0, 0, 0, 0, 0),
(560, 100, 'red', 2635, 2557, 2411, 14, 0, 0, 0, 0, 0),
(561, 100, 'blue', 957, 3674, 2517, 22, 0, 0, 0, 0, 0),
(562, 101, 'red', 1359, 4060, 2990, 55, 0, 0, 0, 0, 0),
(563, 101, 'blue', 1540, 3192, 847, 68, 0, 0, 0, 0, 0),
(564, 102, 'red', 4132, 3024, 4457, 14, 0, 0, 0, 0, 0),
(565, 102, 'blue', 2915, 2192, 3787, 38, 0, 0, 0, 0, 0),
(566, 103, 'red', 1318, 4110, 3131, 49, 0, 0, 0, 0, 0),
(567, 103, 'blue', 3673, 2374, 1510, 23, 0, 0, 0, 0, 0),
(568, 104, 'red', 997, 1425, 3574, 98, 0, 0, 0, 0, 0),
(569, 104, 'blue', 2093, 3711, 4127, 52, 0, 0, 0, 0, 0),
(570, 105, 'red', 2130, 2550, 1823, 95, 0, 0, 0, 0, 0),
(571, 105, 'blue', 1571, 1700, 4051, 56, 0, 0, 0, 0, 0),
(572, 106, 'red', 3812, 360, 2046, 92, 0, 0, 0, 0, 0),
(573, 106, 'blue', 4043, 4125, 2542, 53, 0, 0, 0, 0, 0),
(574, 107, 'red', 2411, 4652, 2915, 0, 0, 0, 0, 0, 0),
(575, 107, 'blue', 753, 997, 3024, 0, 0, 0, 0, 0, 0),
(576, 108, 'red', 4692, 2517, 3673, 0, 0, 0, 0, 0, 0),
(577, 108, 'blue', 4127, 1540, 3574, 0, 0, 0, 0, 0, 0),
(578, 109, 'red', 2542, 2733, 847, 0, 0, 0, 0, 0, 0),
(579, 109, 'blue', 3636, 4132, 2635, 0, 0, 0, 0, 0, 0),
(580, 110, 'red', 3674, 5198, 955, 0, 0, 0, 0, 0, 0),
(581, 110, 'blue', 2093, 2374, 3131, 0, 0, 0, 0, 0, 0),
(582, 111, 'red', 4051, 2471, 2811, 0, 0, 0, 0, 0, 0),
(583, 111, 'blue', 2002, 1425, 4488, 0, 0, 0, 0, 0, 0),
(584, 112, 'red', 4127, 2550, 1571, 0, 0, 0, 0, 0, 0),
(585, 112, 'blue', 3812, 4457, 4057, 0, 0, 0, 0, 0, 0),
(586, 113, 'red', 2374, 4051, 2550, 0, 0, 0, 0, 0, 0),
(587, 113, 'blue', 4132, 3673, 955, 0, 0, 0, 0, 0, 0),
(588, 114, 'red', 3574, 1540, 847, 0, 0, 0, 0, 0, 0),
(589, 114, 'blue', 2471, 4457, 4057, 0, 0, 0, 0, 0, 0),
(590, 115, 'red', 3131, 2733, 4652, 0, 0, 0, 0, 0, 0),
(591, 115, 'blue', 3636, 3812, 3674, 0, 0, 0, 0, 0, 0),
(592, 116, 'red', 753, 3024, 2915, 0, 0, 0, 0, 0, 0),
(593, 116, 'blue', 1571, 2517, 4488, 0, 0, 0, 0, 0, 0),
(594, 117, 'red', 2542, 997, 2002, 0, 0, 0, 0, 0, 0),
(595, 117, 'blue', 2635, 1425, 2811, 0, 0, 0, 0, 0, 0),
(596, 118, 'red', 4652, 2374, 2411, 0, 0, 0, 0, 0, 0),
(597, 118, 'blue', 4692, 5198, 2093, 0, 0, 0, 0, 0, 0),
(598, 119, 'red', 4692, 2542, 2811, 0, 0, 0, 0, 0, 0),
(599, 119, 'blue', 1540, 2471, 4457, 0, 0, 0, 0, 0, 0),
(600, 120, 'red', 3674, 2550, 1425, 0, 0, 0, 0, 0, 0),
(601, 120, 'blue', 2733, 2411, 4057, 0, 0, 0, 0, 0, 0),
(602, 121, 'red', 955, 4127, 2635, 0, 0, 0, 0, 0, 0),
(603, 121, 'blue', 997, 5198, 753, 0, 0, 0, 0, 0, 0),
(604, 122, 'red', 3131, 3812, 1571, 0, 0, 0, 0, 0, 0),
(605, 122, 'blue', 3673, 2915, 4488, 0, 0, 0, 0, 0, 0),
(606, 123, 'red', 3636, 3024, 4132, 0, 0, 0, 0, 0, 0),
(607, 123, 'blue', 2093, 2517, 847, 0, 0, 0, 0, 0, 0),
(608, 124, 'red', 4652, 3636, 2517, 0, 0, 0, 0, 0, 0),
(609, 124, 'blue', 2002, 3574, 4051, 0, 0, 0, 0, 0, 0),
(610, 125, 'red', 3574, 2915, 5198, 0, 0, 0, 0, 0, 0),
(611, 125, 'blue', 4457, 3024, 955, 0, 0, 0, 0, 0, 0),
(612, 126, 'red', 2374, 2002, 2811, 0, 0, 0, 0, 0, 0),
(613, 126, 'blue', 2733, 1425, 4132, 0, 0, 0, 0, 0, 0),
(614, 127, 'red', 847, 4127, 2411, 0, 0, 0, 0, 0, 0),
(615, 127, 'blue', 3674, 2635, 1571, 0, 0, 0, 0, 0, 0),
(616, 128, 'red', 1540, 3812, 4051, 0, 0, 0, 0, 0, 0),
(617, 128, 'blue', 3673, 997, 753, 0, 0, 0, 0, 0, 0),
(618, 129, 'red', 2471, 2550, 2093, 0, 0, 0, 0, 0, 0),
(619, 129, 'blue', 3131, 2542, 4488, 0, 0, 0, 0, 0, 0),
(620, 130, 'red', 2550, 2635, 3674, 0, 0, 0, 0, 0, 0),
(621, 130, 'blue', 997, 4692, 4057, 0, 0, 0, 0, 0, 0),
(622, 131, 'red', 2915, 753, 2093, 0, 0, 0, 0, 0, 0),
(623, 131, 'blue', 2374, 1571, 4051, 0, 0, 0, 0, 0, 0),
(624, 132, 'red', 4692, 4488, 4652, 0, 0, 0, 0, 0, 0),
(625, 132, 'blue', 4457, 4057, 955, 0, 0, 0, 0, 0, 0),
(626, 133, 'red', 2542, 2811, 3024, 0, 0, 0, 0, 0, 0),
(627, 133, 'blue', 3636, 2733, 1425, 0, 0, 0, 0, 0, 0),
(628, 134, 'red', 3673, 4127, 847, 0, 0, 0, 0, 0, 0),
(629, 134, 'blue', 2471, 4132, 3574, 0, 0, 0, 0, 0, 0),
(630, 135, 'red', 2411, 3812, 2002, 0, 0, 0, 0, 0, 0),
(631, 135, 'blue', 2517, 1540, 5198, 0, 0, 0, 0, 0, 0),
(632, 136, 'red', 1425, 5198, 2915, 0, 0, 0, 0, 0, 0),
(633, 136, 'blue', 4457, 2471, 3131, 0, 0, 0, 0, 0, 0),
(634, 137, 'red', 4488, 2811, 1571, 0, 0, 0, 0, 0, 0),
(635, 137, 'blue', 2550, 3131, 753, 0, 0, 0, 0, 0, 0),
(636, 138, 'red', 2542, 4057, 847, 0, 0, 0, 0, 0, 0),
(637, 138, 'blue', 2517, 3812, 3636, 0, 0, 0, 0, 0, 0),
(638, 139, 'red', 4652, 2411, 2635, 0, 0, 0, 0, 0, 0),
(639, 139, 'blue', 3024, 4132, 3674, 0, 0, 0, 0, 0, 0),
(640, 140, 'red', 4692, 1540, 2733, 0, 0, 0, 0, 0, 0),
(641, 140, 'blue', 2374, 3673, 4127, 0, 0, 0, 0, 0, 0),
(642, 141, 'red', 955, 997, 4051, 0, 0, 0, 0, 0, 0),
(643, 141, 'blue', 2093, 3574, 2002, 0, 0, 0, 0, 0, 0),
(644, 142, 'red', 2542, 2811, 3024, 0, 0, 0, 0, 0, 0),
(645, 142, 'blue', 753, 4127, 4132, 0, 0, 0, 0, 0, 0),
(646, 143, 'red', 997, 3636, 2733, 0, 0, 0, 0, 0, 0),
(647, 143, 'blue', 1425, 5198, 4457, 0, 0, 0, 0, 0, 0),
(648, 144, 'red', 4051, 2002, 2517, 0, 0, 0, 0, 0, 0),
(649, 144, 'blue', 4057, 847, 1571, 0, 0, 0, 0, 0, 0),
(650, 145, 'red', 3131, 2915, 3673, 0, 0, 0, 0, 0, 0),
(651, 145, 'blue', 3674, 2550, 3574, 0, 0, 0, 0, 0, 0),
(652, 146, 'red', 4652, 2411, 2471, 0, 0, 0, 0, 0, 0),
(653, 146, 'blue', 2635, 3812, 2374, 0, 0, 0, 0, 0, 0),
(654, 147, 'red', 3131, 1540, 4692, 0, 0, 0, 0, 0, 0),
(655, 147, 'blue', 955, 2093, 4488, 0, 0, 0, 0, 0, 0),
(656, 148, 'red', 2811, 2093, 4051, 0, 0, 0, 0, 0, 0),
(657, 148, 'blue', 2002, 2411, 997, 0, 0, 0, 0, 0, 0),
(658, 149, 'red', 2635, 4127, 4457, 0, 0, 0, 0, 0, 0),
(659, 149, 'blue', 955, 3574, 2915, 0, 0, 0, 0, 0, 0),
(660, 150, 'red', 2550, 4057, 3636, 0, 0, 0, 0, 0, 0),
(661, 150, 'blue', 2374, 3812, 4652, 0, 0, 0, 0, 0, 0),
(662, 151, 'red', 4132, 4488, 4692, 0, 0, 0, 0, 0, 0),
(663, 151, 'blue', 3024, 3673, 1540, 0, 0, 0, 0, 0, 0),
(664, 152, 'red', 847, 753, 1571, 0, 0, 0, 0, 0, 0),
(665, 152, 'blue', 3674, 2471, 2733, 0, 0, 0, 0, 0, 0),
(666, 153, 'red', 2550, 753, 2542, 0, 0, 0, 0, 0, 0),
(667, 153, 'blue', 1425, 5198, 2517, 0, 0, 0, 0, 0, 0),
(668, 154, 'red', 2411, 2915, 955, 0, 0, 0, 0, 0, 0),
(669, 154, 'blue', 2733, 1571, 4057, 0, 0, 0, 0, 0, 0),
(670, 155, 'red', 2811, 3674, 5198, 0, 0, 0, 0, 0, 0),
(671, 155, 'blue', 4457, 4051, 3024, 0, 0, 0, 0, 0, 0),
(672, 156, 'red', 2517, 2002, 847, 0, 0, 0, 0, 0, 0),
(673, 156, 'blue', 4652, 3636, 3574, 0, 0, 0, 0, 0, 0),
(674, 157, 'red', 2471, 1540, 4488, 0, 0, 0, 0, 0, 0),
(675, 157, 'blue', 3131, 2093, 3812, 0, 0, 0, 0, 0, 0),
(676, 158, 'red', 2374, 997, 2542, 0, 0, 0, 0, 0, 0),
(677, 158, 'blue', 1425, 4127, 3673, 0, 0, 0, 0, 0, 0),
(678, 159, 'red', 2811, 4488, 2374, 0, 0, 0, 0, 0, 0),
(679, 159, 'blue', 4692, 2635, 4132, 0, 0, 0, 0, 0, 0),
(680, 160, 'red', 847, 2550, 753, 0, 0, 0, 0, 0, 0),
(681, 160, 'blue', 997, 2635, 4051, 0, 0, 0, 0, 0, 0),
(682, 161, 'red', 3674, 2517, 3673, 0, 0, 0, 0, 0, 0),
(683, 161, 'blue', 2733, 2471, 2915, 0, 0, 0, 0, 0, 0),
(684, 162, 'red', 955, 1540, 5198, 0, 0, 0, 0, 0, 0),
(685, 162, 'blue', 3574, 1425, 2002, 0, 0, 0, 0, 0, 0),
(686, 163, 'red', 2411, 3636, 4652, 0, 0, 0, 0, 0, 0),
(687, 163, 'blue', 4692, 2093, 2542, 0, 0, 0, 0, 0, 0),
(688, 164, 'red', 4127, 4457, 4132, 0, 0, 0, 0, 0, 0),
(689, 164, 'blue', 3131, 3024, 3812, 0, 0, 0, 0, 0, 0),
(690, 165, 'red', 4488, 2915, 4127, 0, 0, 0, 0, 0, 0),
(691, 165, 'blue', 3574, 4057, 1571, 0, 0, 0, 0, 0, 0),
(692, 166, 'red', 4051, 2002, 1540, 0, 0, 0, 0, 0, 0),
(693, 166, 'blue', 4057, 4132, 3674, 0, 0, 0, 0, 0, 0),
(694, 167, 'red', 2471, 4457, 2811, 0, 0, 0, 0, 0, 0),
(695, 167, 'blue', 2411, 4692, 3812, 0, 0, 0, 0, 0, 0),
(696, 168, 'red', 1425, 2093, 2733, 0, 0, 0, 0, 0, 0),
(697, 168, 'blue', 847, 3131, 4652, 0, 0, 0, 0, 0, 0),
(698, 169, 'red', 997, 2374, 3673, 0, 0, 0, 0, 0, 0),
(699, 169, 'blue', 2635, 753, 2517, 0, 0, 0, 0, 0, 0),
(700, 170, 'red', 955, 2550, 3636, 0, 0, 0, 0, 0, 0),
(701, 170, 'blue', 3024, 1571, 2542, 0, 0, 0, 0, 0, 0),
(702, 171, 'red', 2374, 4057, 2550, 0, 0, 0, 0, 0, 0),
(703, 171, 'blue', 3131, 2471, 5198, 0, 0, 0, 0, 0, 0),
(704, 172, 'red', 2002, 2635, 955, 0, 0, 0, 0, 0, 0),
(705, 172, 'blue', 2733, 4488, 1571, 0, 0, 0, 0, 0, 0),
(706, 173, 'red', 3024, 997, 4652, 0, 0, 0, 0, 0, 0),
(707, 173, 'blue', 3674, 2093, 1425, 0, 0, 0, 0, 0, 0),
(708, 174, 'red', 847, 5198, 2811, 0, 0, 0, 0, 0, 0),
(709, 174, 'blue', 3812, 4692, 3673, 0, 0, 0, 0, 0, 0),
(710, 175, 'red', 3574, 4051, 4457, 0, 0, 0, 0, 0, 0),
(711, 175, 'blue', 3636, 2411, 2542, 0, 0, 0, 0, 0, 0),
(712, 176, 'red', 2915, 2517, 4132, 0, 0, 0, 0, 0, 0),
(713, 176, 'blue', 4127, 753, 1540, 0, 0, 0, 0, 0, 0);

--
-- Dumping data for table `competitions`
--

INSERT INTO `competitions` (`ID`, `Name`, `City`, `State`, `Start`, `End`, `Type`) VALUES
(3, 'Wilsonville District', 'Wilsonville', 'OR', '2014-03-20', '2014-03-22', 'district'),
(4, 'Oregon City District', 'Oregon City', 'OR', '2014-03-06', '2014-03-08', 'district'),
(5, 'Oregon State University District ', 'Corvallis', 'OR', '2014-04-04', '2014-04-05', 'district'),
(6, 'Autodesk PNW FRC Championship', 'Portland', 'OR', '2014-04-10', '2014-04-12', 'regional'),
(7, 'FIRST Championship', 'St Louis', 'MI', '2014-04-23', '2014-04-26', 'worlds'),
(10, 'Autodesk Portland Regional 2013', 'Portland', 'OR', '2013-03-21', '2013-03-23', 'regional'),
(11, 'Central Washington Regional 2013', 'Ellensburg', 'WA', '2013-04-04', '2013-12-07', 'regional');

--
-- Dumping data for table `competitionteams`
--

INSERT INTO `competitionteams` (`CompetitionID`, `TeamNumber`) VALUES
(10, 1425),
(10, 360),
(11, 753),
(11, 2046),
(10, 4457),
(10, 3711),
(10, 4060),
(10, 2550),
(10, 1318),
(10, 4125),
(10, 2542),
(10, 3024),
(10, 847),
(10, 1700),
(10, 2411),
(10, 4488),
(10, 2374),
(10, 3192),
(10, 3787),
(10, 4127),
(10, 2002),
(10, 1432),
(10, 1510),
(10, 4106),
(10, 3674),
(10, 2915),
(10, 3574),
(10, 1823),
(10, 4662),
(10, 3145),
(10, 4132),
(10, 4057),
(10, 2557),
(10, 2046),
(10, 957),
(10, 1359),
(10, 4110),
(10, 2147),
(10, 997),
(10, 2733),
(10, 955),
(10, 2130),
(10, 3131),
(10, 488),
(10, 2192),
(10, 2635),
(10, 1540),
(10, 2093),
(10, 2521),
(10, 3812),
(10, 3673),
(10, 956),
(10, 4051),
(10, 4043),
(10, 753),
(10, 2811),
(10, 2471),
(10, 1571),
(10, 3636),
(10, 2517),
(10, 2990),
(4, 753),
(4, 847),
(4, 955),
(4, 997),
(4, 1425),
(4, 1540),
(4, 1571),
(4, 2002),
(4, 2093),
(4, 2374),
(4, 2411),
(4, 2471),
(4, 2517),
(4, 2542),
(4, 2550),
(4, 2635),
(4, 2733),
(4, 2811),
(4, 2915),
(4, 3024),
(4, 3131),
(4, 3574),
(4, 3636),
(4, 3673),
(4, 3674),
(4, 3812),
(4, 4051),
(4, 4057),
(4, 4127),
(4, 4132),
(4, 4457),
(4, 4488),
(4, 4652),
(4, 4692),
(4, 5198),
(3, 956),
(3, 957),
(3, 1425),
(3, 1432),
(3, 1510),
(3, 1540),
(3, 2002),
(3, 2093),
(3, 2374),
(3, 2411),
(3, 2471),
(3, 2517),
(3, 2521),
(3, 2542),
(3, 2550),
(3, 2635),
(3, 2733),
(3, 2811),
(3, 2990),
(3, 3131),
(3, 3192),
(3, 3636),
(3, 3674),
(3, 4043),
(3, 4051),
(3, 4057),
(3, 4110),
(3, 4127),
(3, 4132),
(3, 4457),
(3, 4488),
(3, 4662),
(3, 4692),
(3, 4971),
(3, 5085),
(5, 847),
(5, 955),
(5, 956),
(5, 957),
(5, 997),
(5, 1359),
(5, 1425),
(5, 1432),
(5, 1510),
(5, 1540),
(5, 1571),
(5, 2046),
(5, 2192),
(5, 2521),
(5, 2811),
(5, 2915),
(5, 2990),
(5, 3024),
(5, 3192),
(5, 3673),
(5, 3712),
(5, 3995),
(5, 4043),
(5, 4110),
(5, 4125),
(5, 4127),
(5, 4457),
(5, 4662),
(5, 5085),
(5, 5198),
(5, 5295);

--
-- Dumping data for table `games`
--

INSERT INTO `games` (`MatchID`, `TeamNumber`, `Properties`, `Comment`) VALUES
(107, 2411, '{"Autonomous":"18","Teleop":"36","Climbing":"10","ColoredFrisbees":"0","Offensive":"on","Disqualified":null,"TippedOver":null,"MechanicalFailure":null,"LostCommunication":null,"DidNotMove":null}', ''),
(107, 2915, '{"Autonomous":"20","Teleop":"15","Climbing":"10","ColoredFrisbees":"0","Offensive":null,"Disqualified":null,"TippedOver":"on","MechanicalFailure":null,"LostCommunication":null,"DidNotMove":null}', ''),
(107, 4652, '{"Autonomous":"10","Teleop":"10","Climbing":"30","ColoredFrisbees":"2","Offensive":"on","Disqualified":null,"TippedOver":null,"MechanicalFailure":null,"LostCommunication":null,"DidNotMove":null}', ''),
(108, 2517, '{"Autonomous":"10","Teleop":"20","Climbing":"10","ColoredFrisbees":"0","Offensive":"on","Disqualified":null,"TippedOver":null,"MechanicalFailure":null,"LostCommunication":null,"DidNotMove":null}', ''),
(108, 4692, '{"Autonomous":"12","Teleop":"0","Climbing":"0","ColoredFrisbees":"0","Offensive":null,"Disqualified":"on","TippedOver":null,"MechanicalFailure":null,"LostCommunication":null,"DidNotMove":null}', ''),
(109, 847, '{"Autonomous":"12","Teleop":"4","Climbing":"10","ColoredFrisbees":"0","Offensive":null,"Disqualified":null,"TippedOver":null,"MechanicalFailure":null,"LostCommunication":null,"DidNotMove":null}', ''),
(109, 2542, '{"Autonomous":"12","Teleop":"3","Climbing":"0","ColoredFrisbees":"0","Offensive":null,"Disqualified":null,"TippedOver":null,"MechanicalFailure":null,"LostCommunication":null,"DidNotMove":null}', ''),
(109, 2733, '{"Autonomous":"24","Teleop":"10","Climbing":"20","ColoredFrisbees":"0","Offensive":"on","Disqualified":null,"TippedOver":null,"MechanicalFailure":null,"LostCommunication":null,"DidNotMove":null}', 'pyramid runner '),
(110, 3674, '{"Autonomous":"12","Teleop":"0","Climbing":"0","ColoredFrisbees":"0","Offensive":null,"Disqualified":null,"TippedOver":null,"MechanicalFailure":null,"LostCommunication":null,"DidNotMove":null}', ''),
(110, 5198, '{"Autonomous":"0","Teleop":"0","Climbing":"0","ColoredFrisbees":"0","Offensive":null,"Disqualified":null,"TippedOver":null,"MechanicalFailure":null,"LostCommunication":null,"DidNotMove":null}', ''),
(111, 1425, '{"Autonomous":"18","Teleop":"42","Climbing":"10","ColoredFrisbees":"0","Offensive":null,"Disqualified":null,"TippedOver":null,"MechanicalFailure":null,"LostCommunication":null,"DidNotMove":null}', 'woot!'),
(111, 2471, '{"Autonomous":"12","Teleop":"6","Climbing":"0","ColoredFrisbees":"0","Offensive":null,"Disqualified":null,"TippedOver":null,"MechanicalFailure":null,"LostCommunication":null,"DidNotMove":null}', ''),
(111, 2811, '{"Autonomous":"12","Teleop":"9","Climbing":"10","ColoredFrisbees":"0","Offensive":"on","Disqualified":null,"TippedOver":null,"MechanicalFailure":null,"LostCommunication":null,"DidNotMove":null}', ''),
(111, 4051, '{"Autonomous":"6","Teleop":"6","Climbing":"10","ColoredFrisbees":"0","Offensive":null,"Disqualified":null,"TippedOver":null,"MechanicalFailure":null,"LostCommunication":null,"DidNotMove":null}', ''),
(112, 2550, '{"Autonomous":"12","Teleop":"3","Climbing":"0","ColoredFrisbees":"0","Offensive":null,"Disqualified":null,"TippedOver":null,"MechanicalFailure":null,"LostCommunication":null,"DidNotMove":null}', ''),
(113, 4051, '{"Autonomous":"12","Teleop":"6","Climbing":"20","ColoredFrisbees":"0","Offensive":"on","Disqualified":null,"TippedOver":null,"MechanicalFailure":null,"LostCommunication":null,"DidNotMove":null}', 'fast'),
(115, 3812, '{"Autonomous":"0","Teleop":"9","Climbing":"0","ColoredFrisbees":"0","Offensive":null,"Disqualified":null,"TippedOver":null,"MechanicalFailure":null,"LostCommunication":null,"DidNotMove":null}', ''),
(129, 2550, '{"Autonomous":"34","Teleop":"14","Climbing":"20","ColoredFrisbees":"3","Offensive":null,"Disqualified":null,"TippedOver":null,"MechanicalFailure":"on","LostCommunication":null,"DidNotMove":null}', ''),
(144, 4051, '{"Autonomous":"18","Teleop":"6","Climbing":"10","ColoredFrisbees":"0","Offensive":null,"Disqualified":null,"TippedOver":null,"MechanicalFailure":null,"LostCommunication":null,"DidNotMove":null}', ''),
(162, 5198, '{"Autonomous":"12","Teleop":"6","Climbing":"0","ColoredFrisbees":"0","Offensive":null,"Disqualified":null,"TippedOver":null,"MechanicalFailure":null,"LostCommunication":null,"DidNotMove":null}', ''),
(164, 3024, '{"Autonomous":"12","Teleop":"6","Climbing":"10","ColoredFrisbees":"0","Offensive":null,"Disqualified":null,"TippedOver":null,"MechanicalFailure":null,"LostCommunication":null,"DidNotMove":null}', 'fast'),
(164, 3131, '{"Autonomous":"12","Teleop":"6","Climbing":"0","ColoredFrisbees":"0","Offensive":"on","Disqualified":null,"TippedOver":null,"MechanicalFailure":null,"LostCommunication":null,"DidNotMove":null}', 'fast');

--
-- Dumping data for table `matches`
--

INSERT INTO `matches` (`ID`, `CompetitionID`, `Time`, `Number`, `Round`) VALUES
(18, 10, '9:15 AM', 1, 'qualification'),
(19, 10, '9:24 AM', 2, 'qualification'),
(20, 10, '9:32 AM', 3, 'qualification'),
(21, 10, '9:38 AM', 4, 'qualification'),
(22, 10, '9:45 AM', 5, 'qualification'),
(23, 10, '9:52 AM', 6, 'qualification'),
(24, 10, '9:59 AM', 7, 'qualification'),
(25, 10, '10:06 AM', 8, 'qualification'),
(26, 10, '10:12 AM', 9, 'qualification'),
(27, 10, '10:18 AM', 10, 'qualification'),
(28, 10, '10:24 AM', 11, 'qualification'),
(29, 10, '10:32 AM', 12, 'qualification'),
(30, 10, '10:43 AM', 13, 'qualification'),
(31, 10, '10:49 AM', 14, 'qualification'),
(32, 10, '11:00 AM', 15, 'qualification'),
(33, 10, '11:06 AM', 16, 'qualification'),
(34, 10, '11:12 AM', 17, 'qualification'),
(35, 10, '11:20 AM', 18, 'qualification'),
(36, 10, '11:24 AM', 19, 'qualification'),
(37, 10, '11:31 AM', 20, 'qualification'),
(38, 10, '11:37 AM', 21, 'qualification'),
(39, 10, '11:45 AM', 22, 'qualification'),
(40, 10, '11:50 AM', 23, 'qualification'),
(41, 10, '1:05 PM', 24, 'qualification'),
(42, 10, '1:12 PM', 25, 'qualification'),
(43, 10, '1:26 PM', 26, 'qualification'),
(44, 10, '1:35 PM', 27, 'qualification'),
(45, 10, '1:43 PM', 28, 'qualification'),
(46, 10, '1:50 PM', 29, 'qualification'),
(47, 10, '1:57 PM', 30, 'qualification'),
(48, 10, '2:01 PM', 31, 'qualification'),
(49, 10, '2:08 PM', 32, 'qualification'),
(50, 10, '2:14 PM', 33, 'qualification'),
(51, 10, '2:22 PM', 34, 'qualification'),
(52, 10, '2:28 PM', 35, 'qualification'),
(53, 10, '2:35 PM', 36, 'qualification'),
(54, 10, '2:40 PM', 37, 'qualification'),
(55, 10, '2:45 PM', 38, 'qualification'),
(56, 10, '2:51 PM', 39, 'qualification'),
(57, 10, '2:58 PM', 40, 'qualification'),
(58, 10, '3:04 PM', 41, 'qualification'),
(59, 10, '3:10 PM', 42, 'qualification'),
(60, 10, '3:16 PM', 43, 'qualification'),
(61, 10, '3:22 PM', 44, 'qualification'),
(62, 10, '3:29 PM', 45, 'qualification'),
(63, 10, '3:36 PM', 46, 'qualification'),
(64, 10, '3:42 PM', 47, 'qualification'),
(65, 10, '3:50 PM', 48, 'qualification'),
(66, 10, '3:57 PM', 49, 'qualification'),
(67, 10, '4:02 PM', 50, 'qualification'),
(68, 10, '4:10 PM', 51, 'qualification'),
(69, 10, '4:15 PM', 52, 'qualification'),
(70, 10, '4:23 PM', 53, 'qualification'),
(71, 10, '4:28 PM', 54, 'qualification'),
(72, 10, '4:34 PM', 55, 'qualification'),
(73, 10, '4:50 PM', 56, 'qualification'),
(74, 10, '4:57 PM', 57, 'qualification'),
(75, 10, '5:03 PM', 58, 'qualification'),
(76, 10, '5:09 PM', 59, 'qualification'),
(77, 10, '5:18 PM', 60, 'qualification'),
(78, 10, '5:25 PM', 61, 'qualification'),
(79, 10, '5:32 PM', 62, 'qualification'),
(80, 10, '9:00 AM', 63, 'qualification'),
(81, 10, '9:26 AM', 64, 'qualification'),
(82, 10, '9:38 AM', 65, 'qualification'),
(83, 10, '9:44 AM', 66, 'qualification'),
(84, 10, '9:51 AM', 67, 'qualification'),
(85, 10, '9:57 AM', 68, 'qualification'),
(86, 10, '10:03 AM', 69, 'qualification'),
(87, 10, '10:08 AM', 70, 'qualification'),
(88, 10, '10:15 AM', 71, 'qualification'),
(89, 10, '10:20 AM', 72, 'qualification'),
(90, 10, '10:27 AM', 73, 'qualification'),
(91, 10, '10:32 AM', 74, 'qualification'),
(92, 10, '10:37 AM', 75, 'qualification'),
(93, 10, '10:45 AM', 76, 'qualification'),
(94, 10, '10:49 AM', 77, 'qualification'),
(95, 10, '10:54 AM', 78, 'qualification'),
(96, 10, '11:00 AM', 79, 'qualification'),
(97, 10, '11:05 AM', 80, 'qualification'),
(98, 10, '11:13 AM', 81, 'qualification'),
(99, 10, '11:19 AM', 82, 'qualification'),
(100, 10, '11:25 AM', 83, 'qualification'),
(101, 10, '11:31 AM', 84, 'qualification'),
(102, 10, '11:37 AM', 85, 'qualification'),
(103, 10, '11:42 AM', 86, 'qualification'),
(104, 10, '11:48 AM', 87, 'qualification'),
(105, 10, '11:54 AM', 88, 'qualification'),
(106, 10, '12:00 PM', 89, 'qualification'),
(107, 4, '12:00 PM', 1, 'qualification'),
(108, 4, '12:07 PM', 2, 'qualification'),
(109, 4, '12:14 PM', 3, 'qualification'),
(110, 4, '12:21 PM', 4, 'qualification'),
(111, 4, '12:28 PM', 5, 'qualification'),
(112, 4, '12:35 PM', 6, 'qualification'),
(113, 4, '12:42 PM', 7, 'qualification'),
(114, 4, '12:49 PM', 8, 'qualification'),
(115, 4, '12:56 PM', 9, 'qualification'),
(116, 4, '13:03 PM', 10, 'qualification'),
(117, 4, '13:10 PM', 11, 'qualification'),
(118, 4, '13:17 PM', 12, 'qualification'),
(119, 4, '13:24 PM', 13, 'qualification'),
(120, 4, '13:31 PM', 14, 'qualification'),
(121, 4, '13:38 PM', 15, 'qualification'),
(122, 4, '13:45 PM', 16, 'qualification'),
(123, 4, '13:52 PM', 17, 'qualification'),
(124, 4, '13:59 PM', 18, 'qualification'),
(125, 4, '14:06 PM', 19, 'qualification'),
(126, 4, '14:13 PM', 20, 'qualification'),
(127, 4, '14:20 PM', 21, 'qualification'),
(128, 4, '14:27 PM', 22, 'qualification'),
(129, 4, '14:34 PM', 23, 'qualification'),
(130, 4, '14:41 PM', 24, 'qualification'),
(131, 4, '14:48 PM', 25, 'qualification'),
(132, 4, '14:55 PM', 26, 'qualification'),
(133, 4, '15:02 PM', 27, 'qualification'),
(134, 4, '15:09 PM', 28, 'qualification'),
(135, 4, '15:16 PM', 29, 'qualification'),
(136, 4, '15:23 PM', 30, 'qualification'),
(137, 4, '15:30 PM', 31, 'qualification'),
(138, 4, '15:37 PM', 32, 'qualification'),
(139, 4, '15:44 PM', 33, 'qualification'),
(140, 4, '15:51 PM', 34, 'qualification'),
(141, 4, '15:58 PM', 35, 'qualification'),
(142, 4, '16:05 PM', 36, 'qualification'),
(143, 4, '16:12 PM', 37, 'qualification'),
(144, 4, '16:19 PM', 38, 'qualification'),
(145, 4, '16:26 PM', 39, 'qualification'),
(146, 4, '16:33 PM', 40, 'qualification'),
(147, 4, '16:40 PM', 41, 'qualification'),
(148, 4, '16:47 PM', 42, 'qualification'),
(149, 4, '16:54 PM', 43, 'qualification'),
(150, 4, '17:01 PM', 44, 'qualification'),
(151, 4, '09:00 AM', 45, 'qualification'),
(152, 4, '09:07 AM', 46, 'qualification'),
(153, 4, '09:14 AM', 47, 'qualification'),
(154, 4, '09:21 AM', 48, 'qualification'),
(155, 4, '09:28 AM', 49, 'qualification'),
(156, 4, '09:35 AM', 50, 'qualification'),
(157, 4, '09:42 AM', 51, 'qualification'),
(158, 4, '09:49 AM', 52, 'qualification'),
(159, 4, '09:56 AM', 53, 'qualification'),
(160, 4, '10:03 AM', 54, 'qualification'),
(161, 4, '10:10 AM', 55, 'qualification'),
(162, 4, '10:17 AM', 56, 'qualification'),
(163, 4, '10:24 AM', 57, 'qualification'),
(164, 4, '10:31 AM', 58, 'qualification'),
(165, 4, '10:38 AM', 59, 'qualification'),
(166, 4, '10:45 AM', 60, 'qualification'),
(167, 4, '10:52 AM', 61, 'qualification'),
(168, 4, '10:59 AM', 62, 'qualification'),
(169, 4, '11:06 AM', 63, 'qualification'),
(170, 4, '11:13 AM', 64, 'qualification'),
(171, 4, '11:20 AM', 65, 'qualification'),
(172, 4, '11:27 AM', 66, 'qualification'),
(173, 4, '11:34 AM', 67, 'qualification'),
(174, 4, '11:41 AM', 68, 'qualification'),
(175, 4, '11:48 AM', 69, 'qualification'),
(176, 4, '11:55 AM', 70, 'qualification');

--
-- Dumping data for table `robots`
--

INSERT INTO `robots` (`TeamNumber`, `Role`, `ShootingLocation`, `MaxAutonomous`, `MaxClimb`, `Lifter`, `MaxDefensiveHeight`, `Comment`, `StrategyPartner`, `StrategyOpposition`) VALUES
(955, 'offensive', 'pyramid', 0, 0, 0, 0, '', '', ''),
(997, 'offensive', 'pyramid', 0, 0, 0, 0, '', '', ''),
(1425, 'offensive', 'pyramid', 0, 0, 0, 0, '', '', ''),
(1540, 'offensive', 'pyramid', 0, 0, 0, 0, '', '', ''),
(2411, 'offensive', 'pyramid', 0, 0, 0, 0, '', '', '');

--
-- Dumping data for table `teams`
--

INSERT INTO `teams` (`Number`, `Name`, `City`, `State`, `Country`) VALUES
(360, 'The Revolution', 'Tacoma', 'WA', 'USA'),
(488, 'Team XBot', 'Seattle', 'WA', 'USA'),
(753, 'High Desert Droids', 'Bend', 'OR', 'USA'),
(847, 'PHRED', 'Philomath', 'OR', 'USA'),
(955, 'CV Robotics', 'Corvallis', 'OR', 'USA'),
(956, 'Eagle Cybertechnology', 'Adair Village', 'OR', 'USA'),
(957, 'SWARM', 'Albany', 'OR', 'USA'),
(997, 'Spartan Robotics', 'Corvallis', 'OR', 'USA'),
(1318, 'Issaquah Robotics Society', 'Issaquah', 'WA', 'USA'),
(1359, 'Scalawags', 'Lebanon', 'OR', 'USA'),
(1425, 'Error Code Xero', 'Wilsonville', 'OR', 'USA'),
(1432, 'Mahr''s Metal Beavers', 'Portland', 'OR', 'USA'),
(1510, 'Wildcats', 'Beaverton', 'OR', 'USA'),
(1540, 'Flaming Chickens', 'Portland', 'OR', 'USA'),
(1571, 'Error404', 'Gresham', 'OR', 'USA'),
(1700, 'Gatorbotics', 'Palo Alto', 'CA', 'USA'),
(1823, 'The New Victorians', 'Portland', 'OR', 'USA'),
(2002, 'Tualatin Robotics', 'Tualatin', 'OR', 'USA'),
(2046, 'Bear Metal', 'Maple Valley', 'WA', 'USA'),
(2093, 'Bowtie Brigade', 'Portland', 'OR', 'USA'),
(2130, 'Alpha+', 'Bonners Ferry', 'ID', 'USA'),
(2147, 'CHUCK', 'Spokane', 'WA', 'USA'),
(2192, 'YAK Attack', 'Newport', 'OR', 'USA'),
(2374, 'Crusader Bots', 'Portland', 'OR', 'USA'),
(2411, 'Rebel @lliance', 'Portland', 'OR', 'USA'),
(2471, 'Team Mean Machine', 'Camas', 'WA', 'USA'),
(2517, 'Green Wrenches', 'Vancouver', 'WA', 'USA'),
(2521, 'SERT', 'Eugene', 'OR', 'USA'),
(2542, 'Go4bots', 'Gresham', 'OR', 'USA'),
(2550, 'Skynet', 'Oregon City', 'OR', 'USA'),
(2557, 'SOTAbots', 'Tacoma', 'WA', 'USA'),
(2635, 'Lake Monsters ', 'Lake Oswego', 'OR', 'USA'),
(2733, 'Pigmice', 'Portland', 'OR', 'USA'),
(2811, 'StormBots', 'Vancouver', 'WA', 'USA'),
(2915, 'Riverdale Robotics Pandamonium', 'Portland', 'OR', 'USA'),
(2990, 'Hotwire Aumsville', 'Aumsville', 'OR', 'USA'),
(3024, 'My Favorite Team', 'Ashland', 'OR', 'USA'),
(3131, 'Gladiators', 'Gladstone', 'OR', 'USA'),
(3145, 'TeraViks', 'Coeur d''Alene', 'ID', 'USA'),
(3192, 'Tiger Bytes', 'Tigard', 'OR', 'USA'),
(3574, 'HIGH-TEKERZ', 'Burien', 'WA', 'USA'),
(3636, 'Generals', 'Portland', 'OR', 'USA'),
(3673, 'C.Y.B.O.R.G. Seagulls', 'Seaside', 'OR', 'USA'),
(3674, '4-H Clover Bots', 'Battle Ground', 'WA', 'USA'),
(3711, 'Iron Mustang', 'Trout Lake', 'WA', 'USA'),
(3712, 'RoboCats', 'Union', 'OR', ''),
(3787, 'Wild Robotocats', 'Westport', 'WA', 'USA'),
(3812, 'Bits & Bots', 'Longview', 'WA', 'USA'),
(3995, 'Automata', 'Redmond', 'OR', 'USA'),
(4043, 'NerdHerd', 'McMinnville', 'OR', 'USA'),
(4051, 'Sabin-Sharks', 'Milwaukie', 'OR', 'USA'),
(4057, 'KB Bots', 'Klamath Falls', 'OR', 'USA'),
(4060, 'S.W.A.G.', 'Chehalis', 'WA', 'USA'),
(4106, 'Bots of Prey', 'Caldwell', 'ID', 'USA'),
(4110, 'DEEP SPACE NINERS', 'Brookings', 'OR', 'USA'),
(4125, 'Confidential', 'Umatilla', 'OR', 'USA'),
(4127, 'LoggerBots', 'Vernonia', 'OR', 'USA'),
(4132, 'Scotbots', 'Portland', 'OR', 'USA'),
(4457, 'ACE', 'Portland', 'OR', 'USA'),
(4488, 'Shockwave', 'Hillsboro', 'OR', 'USA'),
(4652, 'WolfTech', 'Goldendale', 'WA', 'USA'),
(4662, 'Tribal Tech', 'Scappoose', 'OR', 'USA'),
(4692, 'Metal Mallards', 'Toutle', 'WA', 'USA'),
(4971, 'River', 'Vancouver', 'WA', 'USA'),
(5085, 'LakerBots', 'Blachly', 'OR', ''),
(5198, 'RoboKnight Force', 'Grants Pass', 'OR', ''),
(5295, 'Aldernating Current', 'Shelton', 'WA', '');
